,precision,recall,f1-score,support
Class0,0.9824561403508771,0.9333333333333333,0.9572649572649572,60.0
Class1,0.6923076923076923,0.9,0.7826086956521738,10.0
accuracy,0.9285714285714286,0.9285714285714286,0.9285714285714286,0.9285714285714286
macro avg,0.8373819163292847,0.9166666666666667,0.8699368264585655,70.0
weighted avg,0.9410063620589936,0.9285714285714286,0.9323140627488452,70.0
